"0","library(lubridate)"
"2","
Attaching package: ¡¥lubridate¡¦

"
"2","The following object is masked from ¡¥package:base¡¦:

    date

"
"0","`å°æ˜äº¤æ˜“1` <- list("
"0","  ymd_hms(""2020-03-31T13:40:55Z""), # Date/Time class"
"0","  ""ä¸€èŠ³"", # character"
"0","  2, # numeric"
"0","  ""æ°´æœèŒ¶"" # character"
"0",")"
"0","print(`å°æ˜äº¤æ˜“1`)"
"1","[[1]]
"
"1","[1]"
"1"," ""2020-03-31 13:40:55 UTC"""
"1","
"
"1","
"
"1","[[2]]
"
"1","[1]"
"1"," ""ä¸€èŠ³"""
"1","
"
"1","
"
"1","[[3]]
"
"1","[1]"
"1"," 2"
"1","
"
"1","
"
"1","[[4]]
"
"1","[1]"
"1"," ""æ°´æœèŒ¶"""
"1","
"
"1","
"
